site,count
google.com,228
s-chassis.co.nz,51
google.fr,46
google.co.uk,37
stackoverflow.com,34
google.de,31
logstash.net,31
google.es,29
google.co.in,25
tuxradar.com,12
r.duckduckgo.com,11
google.ru,11
google.it,11
google.com.br,11
en.wikipedia.org,10
google.nl,10
kufli.blogspot.com,10
google.ca,9
google.com.hk,9
unix.stackexchange.com,8
google.se,8
google.fi,7
google.com.au,6
google.dk,6
bing.com,6
kufli.blogspot.de,5
linuxquestions.org,5
google.com.ar,5
google.cz,5
google.at,5
linux.org.ru,4
ubuntuforums.org,4
google.com.mx,4
google.co.th,4
duckduckgo.com,3
blog.float.tw,3
am-se.com,3
\xe4\xe5\xe3\xf2\xff\xf0\xed\xee\xe5-\xec\xfb\xeb\xee.\xf0\xf4,3
keepass.info,3
danceuniverse.ru,3
baidu.com,3
google.com.ua,3
google.pl,3
ru.drugspowerstore.com,3
mishura-optom.ru,3
kherson-apartments.ru,3
askubuntu.com,3
zolotoy-lis.ru,3
sofit-dmd.ru,3
xn--90adhhccf5aeewt7j.xn--p1ai,3
avtoads.net,3
t.co,3
znakomstvaonlain.ru,3
google.co.il,3
google.com.sg,3
suckless.org,3
completefusion.com,3
blackwitchcraft.ru,3
google.ba,3
manpages.ubuntu.com,2
yandex.ru,2
google.co.jp,2
google.ee,2
translate.googleusercontent.com,2
google.ch,2
alittlemadness.com,2
google.com.vn,2
google.ro,2
google.si,2
superuser.com,2
google.lv,2
community.spiceworks.com,2
search.daum.net,2
dual-boxing.com,2
google.be,2
google.com.tr,2
encrypted.google.com,2
google.by,2
google.no,2
google.ie,2
google.com.tw,2
kufli.blogspot.hu,2
google.hr,2
images.google.com,1
jquerylist.com,1
kufli.blogspot.com.au,1
google.iq,1
davidsoncustom.com,1
haskell.org,1
google.rs,1
adictosalared.com,1
antonio-zabila.blogspot.com.es,1
zoomq.qiniudn.com,1
google.cl,1
xiaofang.me,1
kuehnel.org,1
oschina.net,1
google.az,1
doc.ubuntu-fr.org,1
google.co.nz,1
codebright.wordpress.com,1
mmm-fraud.com,1
dracorp.one.pl,1
ilovetechnique.wordpress.com,1
kufli.blogspot.it,1
mqseries.net,1
google.pt,1
google.com.mm,1
murga-linux.com,1
experts-exchange.com,1
blog.andreas-haerter.com,1
google.hu,1
blog.youxu.info,1
blog.sleeplessbeastie.eu,1
tex.stackexchange.com,1
google.co.kr,1
google.com.ph,1
z0mbix.github.io,1
image.baidu.com,1
bruteforce.gr,1
kufli.blogspot.co.uk,1
google.co.ve,1
google.com.gt,1
installion.co.uk,1
kufli.blogspot.fr,1
google.co.tz,1
google.sk,1
ibm.com,1
es.wikipedia.org,1
kufli.blogspot.in,1
simplestcodings.blogspot.in,1
google.com.kh,1
google.co.mz,1
images.yandex.ru,1
lifehacker.com,1
google.dz,1
serverfault.com,1
google.com.gh,1
pandce.proboards.com,1
rungie.com,1
google.md,1
noah.org,1
ijavascript.cn,1
forums.opensuse.org,1
reproductive-fitness.com,1
genus-industri.us,1
raspberrypi-spanish.es,1
de.wikipedia.org,1
google.co.za,1
kufli.blogspot.nl,1
